time,spatial_ref,values,indice
2022-03-23 03:19:51.820261,4326,0.608235207802927,0
2022-03-23 03:20:15.728245,4326,0.5903007380305844,0
2022-03-24 03:14:12.685366,4326,0.5402509496491209,0
2022-04-08 03:19:49.246987,4326,0.401187314768794,0
2022-04-08 03:20:13.150736,4326,0.2966014897849529,0
2022-04-09 03:14:09.306474,4326,0.28284266846321127,0
2022-04-16 03:19:51.651930,4326,0.3680512646301225,0
2022-04-16 03:20:15.559889,4326,0.2949386404947901,0
2022-04-24 03:19:49.284493,4326,0.407092235439701,0
2022-04-24 03:20:13.200949,4326,0.4236792129862652,0
2022-04-25 03:13:59.967091,4326,0.45654846816353006,0
2022-05-03 03:14:03.459407,4326,0.4959091087534622,0
2022-05-10 03:19:55.021649,4326,0.5639839115053966,0
2022-05-10 03:20:18.925396,4326,0.5133218413735245,0
2022-05-11 03:13:53.461831,4326,0.6873475974097828,0
2022-06-03 03:19:33.393273,4326,0.005587227323804358,0
2022-06-03 03:19:57.305469,4326,0.4925644954005521,0
2022-06-04 03:14:16.962707,4326,0.779619090882969,0
2022-06-12 03:13:49.222515,4326,0.7269579382974103,0
2022-06-19 03:19:43.334878,4326,0.6660664683945674,0
2022-06-19 03:20:07.242837,4326,0.7681875060724511,0
2022-06-20 03:14:27.212213,4326,0.7714482156770914,0
2022-07-05 03:19:53.089337,4326,0.6980218344015485,0
2022-07-05 03:20:16.997298,4326,0.7040168463109032,0
2022-03-23 03:19:51.820261,4326,0.5846525398353879,1
2022-03-23 03:20:15.728245,4326,0.5654124084093567,1
2022-03-24 03:14:12.685366,4326,0.5345898419414666,1
2022-04-08 03:19:49.246987,4326,0.405245062962854,1
2022-04-08 03:20:13.150736,4326,0.2937865802970207,1
2022-04-09 03:14:09.306474,4326,0.27784437342857105,1
2022-04-16 03:19:51.651930,4326,0.37422555704257604,1
2022-04-16 03:20:15.559889,4326,0.3038905428845261,1
2022-04-24 03:19:49.284493,4326,0.4082137744478419,1
2022-04-24 03:20:13.200949,4326,0.4261424217145262,1
2022-04-25 03:13:59.967091,4326,0.46398465921128984,1
2022-05-03 03:14:03.459407,4326,0.5609435157302795,1
2022-05-10 03:19:55.021649,4326,0.6633455399158025,1
2022-05-10 03:20:18.925396,4326,0.52772278911059,1
2022-05-11 03:13:53.461831,4326,0.694623121044171,1
2022-06-03 03:19:33.393273,4326,0.10150657534762665,1
2022-06-03 03:19:57.305469,4326,0.5064598794135042,1
2022-06-04 03:14:16.962707,4326,0.7750090378606403,1
2022-06-12 03:13:49.222515,4326,0.7178726927365885,1
2022-06-19 03:19:43.334878,4326,0.6380303681470818,1
2022-06-19 03:20:07.242837,4326,0.7550959740661544,1
2022-06-20 03:14:27.212213,4326,0.7670668589070244,1
2022-07-05 03:19:53.089337,4326,0.691984026426473,1
2022-07-05 03:20:16.997298,4326,0.703424198389262,1
2022-03-23 03:20:15.728245,4326,0.5931026984104008,2
2022-03-24 03:14:12.685366,4326,0.555249417728122,2
2022-04-08 03:20:13.150736,4326,0.24741130273632747,2
2022-04-09 03:14:09.306474,4326,0.23749177564572962,2
2022-04-16 03:20:15.559889,4326,0.26292443898550716,2
2022-04-24 03:20:13.200949,4326,0.4035588504554253,2
2022-04-25 03:13:59.967091,4326,0.43536836596165296,2
2022-05-03 03:14:03.459407,4326,0.6064012968410134,2
2022-05-10 03:20:18.925396,4326,0.5094137044377963,2
2022-05-11 03:13:53.461831,4326,0.697525381670358,2
2022-05-19 03:14:11.246989,4326,0.7618712719620732,2
2022-06-03 03:19:57.305469,4326,0.5834882016208938,2
2022-06-04 03:14:16.962707,4326,0.7954114236909829,2
2022-06-12 03:13:49.222515,4326,0.7203922347767844,2
2022-06-19 03:20:07.242837,4326,0.7890596054454366,2
2022-06-20 03:14:27.212213,4326,0.7589572674412197,2
2022-07-05 03:20:16.997298,4326,0.6818252971896398,2
2022-03-23 03:19:51.820261,4326,0.6837370910143808,3
2022-03-23 03:20:15.728245,4326,0.5872242579109583,3
2022-03-24 03:14:12.685366,4326,0.5241558796596567,3
2022-04-08 03:19:49.246987,4326,0.4678659128143967,3
2022-04-08 03:20:13.150736,4326,0.25563054892758047,3
2022-04-09 03:14:09.306474,4326,0.2642056625255931,3
2022-04-16 03:19:51.651930,4326,0.19697537882001592,3
2022-04-16 03:20:15.559889,4326,0.27345048918172127,3
2022-04-24 03:20:13.200949,4326,0.41119052612282503,3
2022-04-25 03:13:59.967091,4326,0.4679591157117669,3
2022-05-03 03:14:03.459407,4326,0.5085925723364481,3
2022-05-10 03:20:18.925396,4326,0.4899343131216053,3
2022-05-11 03:13:53.461831,4326,0.6961463164798224,3
2022-06-03 03:19:57.305469,4326,0.5404700328567744,3
2022-06-04 03:14:16.962707,4326,0.7893681034946659,3
2022-06-12 03:13:49.222515,4326,0.7281215251639022,3
2022-06-19 03:19:43.334878,4326,0.8065955494415897,3
2022-06-19 03:20:07.242837,4326,0.772234943190249,3
2022-06-20 03:14:27.212213,4326,0.7622782446799852,3
2022-07-05 03:19:53.089337,4326,0.7945435500723321,3
2022-07-05 03:20:16.997298,4326,0.6973992064655717,3
2022-03-23 03:19:51.820261,4326,0.5384185762314628,4
2022-03-23 03:20:15.728245,4326,0.5690721509592448,4
2022-03-24 03:14:12.685366,4326,0.5379128043260981,4
2022-04-08 03:19:49.246987,4326,0.38551066860026095,4
2022-04-08 03:20:13.150736,4326,0.36043576353607026,4
2022-04-09 03:14:09.306474,4326,0.33305462393746005,4
2022-04-16 03:19:51.651930,4326,0.3849046096618341,4
2022-04-16 03:20:15.559889,4326,0.3365903763621761,4
2022-04-24 03:19:49.284493,4326,0.42004490114142445,4
2022-04-24 03:20:13.200949,4326,0.4314284263730897,4
2022-04-25 03:13:59.967091,4326,0.43990983179162546,4
2022-05-03 03:14:03.459407,4326,0.49263971182078664,4
2022-05-10 03:19:55.021649,4326,0.5057937007544939,4
2022-05-10 03:20:18.925396,4326,0.49119788974950457,4
2022-05-11 03:13:53.461831,4326,0.6399209215505663,4
2022-06-03 03:19:33.393273,4326,0.013753329795588609,4
2022-06-03 03:19:57.305469,4326,0.39349671036099987,4
2022-06-04 03:14:16.962707,4326,0.7607707902795421,4
2022-06-12 03:13:49.222515,4326,0.7161793220013325,4
2022-06-19 03:19:43.334878,4326,0.6374126332171339,4
2022-06-19 03:20:07.242837,4326,0.7426824341713383,4
2022-06-20 03:14:27.212213,4326,0.7727521790858392,4
2022-07-05 03:19:53.089337,4326,0.6400163281789851,4
2022-07-05 03:20:16.997298,4326,0.6893541926219808,4
2022-03-23 03:19:51.820261,4326,0.7213150899599856,5
2022-03-23 03:20:15.728245,4326,0.6320737581931624,5
2022-03-24 03:14:12.685366,4326,0.547782403948081,5
2022-04-08 03:19:49.246987,4326,0.4217558853126099,5
2022-04-08 03:20:13.150736,4326,0.2845432862168484,5
2022-04-09 03:14:09.306474,4326,0.27615247538824955,5
2022-04-16 03:19:51.651930,4326,0.35994709871873687,5
2022-04-16 03:20:15.559889,4326,0.2802948926171101,5
2022-04-24 03:19:49.284493,4326,0.3286605436428176,5
2022-04-24 03:20:13.200949,4326,0.3951096046228517,5
2022-04-25 03:13:59.967091,4326,0.4472719643044419,5
2022-05-03 03:14:03.459407,4326,0.49590042545087626,5
2022-05-10 03:20:18.925396,4326,0.4756186900247196,5
2022-05-11 03:13:53.461831,4326,0.6860612696777194,5
2022-06-03 03:19:57.305469,4326,0.53157898535505,5
2022-06-04 03:14:16.962707,4326,0.7898176069424109,5
2022-06-12 03:13:49.222515,4326,0.7334637318827366,5
2022-06-19 03:19:43.334878,4326,0.7135317183431564,5
2022-06-19 03:20:07.242837,4326,0.7787939254425097,5
2022-06-20 03:14:27.212213,4326,0.767376183430773,5
2022-07-05 03:19:53.089337,4326,0.7695204445377529,5
2022-07-05 03:20:16.997298,4326,0.7171531316601948,5
2022-03-23 03:20:15.728245,4326,0.5768586772137049,6
2022-03-24 03:14:12.685366,4326,0.510219064081307,6
2022-04-08 03:20:13.150736,4326,0.24200035432695408,6
2022-04-09 03:14:09.306474,4326,0.25281562476783476,6
2022-04-16 03:20:15.559889,4326,0.27373074319593593,6
2022-04-24 03:20:13.200949,4326,0.44055480409938785,6
2022-04-25 03:13:59.967091,4326,0.48728468960555327,6
2022-05-03 03:14:03.459407,4326,0.5040265429686289,6
2022-05-10 03:20:18.925396,4326,0.4958401368607686,6
2022-05-11 03:13:53.461831,4326,0.7090230798918769,6
2022-05-19 03:14:11.246989,4326,0.7011872721372807,6
2022-06-03 03:19:57.305469,4326,0.5683714394413862,6
2022-06-04 03:14:16.962707,4326,0.7925863655241885,6
2022-06-12 03:13:49.222515,4326,0.7224748024026129,6
2022-06-19 03:20:07.242837,4326,0.7698213065358711,6
2022-06-20 03:14:27.212213,4326,0.7549342568036622,6
2022-07-05 03:20:16.997298,4326,0.6881005886777306,6
2022-03-23 03:20:15.728245,4326,0.6000453400171809,7
2022-03-24 03:14:12.685366,4326,0.5187149640469573,7
2022-04-08 03:20:13.150736,4326,0.24238603599798905,7
2022-04-09 03:14:09.306474,4326,0.24958776404383828,7
2022-04-16 03:20:15.559889,4326,0.2759600826560316,7
2022-04-24 03:20:13.200949,4326,0.4380953736190526,7
2022-04-25 03:13:59.967091,4326,0.4810715429166136,7
2022-05-03 03:14:03.459407,4326,0.5222703228130696,7
2022-05-10 03:20:18.925396,4326,0.5079211505861504,7
2022-05-11 03:13:53.461831,4326,0.7061499882363567,7
2022-05-19 03:14:11.246989,4326,0.7011872721372807,7
2022-06-03 03:19:57.305469,4326,0.5715356843163781,7
2022-06-04 03:14:16.962707,4326,0.791795773887481,7
2022-06-12 03:13:49.222515,4326,0.7185518243127276,7
2022-06-19 03:20:07.242837,4326,0.7629060352624805,7
2022-06-20 03:14:27.212213,4326,0.7521226848462635,7
2022-07-05 03:20:16.997298,4326,0.6917055390144841,7
2022-03-23 03:20:15.728245,4326,0.6379916496027112,8
2022-03-24 03:14:12.685366,4326,0.5460635772918564,8
2022-04-08 03:19:49.246987,4326,0.43543408113611304,8
2022-04-08 03:20:13.150736,4326,0.2611945347695272,8
2022-04-09 03:14:09.306474,4326,0.26625635591402874,8
2022-04-16 03:20:15.559889,4326,0.271760543347895,8
2022-04-24 03:20:13.200949,4326,0.37981618876416273,8
2022-04-25 03:13:59.967091,4326,0.45099805115957475,8
2022-05-03 03:14:03.459407,4326,0.4958551775682068,8
2022-05-10 03:20:18.925396,4326,0.467303924439638,8
2022-05-11 03:13:53.461831,4326,0.6912956797800711,8
2022-06-03 03:19:57.305469,4326,0.5492832631767803,8
2022-06-04 03:14:16.962707,4326,0.7890257651818402,8
2022-06-12 03:13:49.222515,4326,0.7273376090371368,8
2022-06-19 03:20:07.242837,4326,0.7795315323681634,8
2022-06-20 03:14:27.212213,4326,0.7607671177145697,8
2022-07-05 03:20:16.997298,4326,0.7079476067281745,8
2022-03-23 03:20:15.728245,4326,0.6373314743752412,9
2022-03-24 03:14:12.685366,4326,0.5568956430645825,9
2022-04-08 03:20:13.150736,4326,0.24815248967222345,9
2022-04-09 03:14:09.306474,4326,0.25679049191202047,9
2022-04-16 03:20:15.559889,4326,0.268197055545923,9
2022-04-24 03:20:13.200949,4326,0.3748329110218047,9
2022-04-25 03:13:59.967091,4326,0.4445017867821308,9
2022-05-03 03:14:03.459407,4326,0.48907563398073495,9
2022-05-10 03:20:18.925396,4326,0.4813324843661965,9
2022-05-11 03:13:53.461831,4326,0.6912695084992383,9
2022-06-03 03:19:57.305469,4326,0.553763818439967,9
2022-06-04 03:14:16.962707,4326,0.7887845881765665,9
2022-06-12 03:13:49.222515,4326,0.7237094236588961,9
2022-06-19 03:20:07.242837,4326,0.7824940259420701,9
2022-06-20 03:14:27.212213,4326,0.7573007958528234,9
2022-07-05 03:20:16.997298,4326,0.7022895983942345,9
2022-03-23 03:20:15.728245,4326,0.6134310784774721,10
2022-03-24 03:14:12.685366,4326,0.536041230545046,10
2022-04-08 03:20:13.150736,4326,0.2375975394192342,10
2022-04-09 03:14:09.306474,4326,0.24228451420702002,10
2022-04-16 03:20:15.559889,4326,0.27220716928995237,10
2022-04-24 03:20:13.200949,4326,0.4332960300743259,10
2022-04-25 03:13:59.967091,4326,0.4652960611059241,10
2022-05-03 03:14:03.459407,4326,0.5991718312440278,10
2022-05-10 03:20:18.925396,4326,0.5230430464264275,10
2022-05-11 03:13:53.461831,4326,0.7048824418102544,10
2022-05-19 03:14:11.246989,4326,0.7576795867631623,10
2022-06-03 03:19:57.305469,4326,0.5779463013268923,10
2022-06-04 03:14:16.962707,4326,0.7955150234183399,10
2022-06-12 03:13:49.222515,4326,0.7108344904244462,10
2022-06-19 03:20:07.242837,4326,0.7699722935778248,10
2022-06-20 03:14:27.212213,4326,0.7561119909555863,10
2022-07-05 03:20:16.997298,4326,0.6937625877976754,10
2022-03-23 03:19:51.820261,4326,0.6024312411138962,11
2022-03-23 03:20:15.728245,4326,0.5552080114386901,11
2022-03-24 03:14:12.685366,4326,0.5238959252262767,11
2022-04-08 03:19:49.246987,4326,0.4381336993447139,11
2022-04-08 03:20:13.150736,4326,0.2878893493479623,11
2022-04-09 03:14:09.306474,4326,0.28497909234503327,11
2022-04-16 03:19:51.651930,4326,0.37794661304655514,11
2022-04-16 03:20:15.559889,4326,0.30395383783903995,11
2022-04-24 03:19:49.284493,4326,0.41254206017557143,11
2022-04-24 03:20:13.200949,4326,0.42738387924183874,11
2022-04-25 03:13:59.967091,4326,0.4666138773131818,11
2022-05-03 03:14:03.459407,4326,0.5530896936651171,11
2022-05-10 03:20:18.925396,4326,0.5449871694774997,11
2022-05-11 03:13:53.461831,4326,0.6848742502699194,11
2022-06-03 03:19:33.393273,4326,0.18782211468233215,11
2022-06-03 03:19:57.305469,4326,0.5166107227504567,11
2022-06-04 03:14:16.962707,4326,0.7695285704386591,11
2022-06-12 03:13:49.222515,4326,0.7121625366684313,11
2022-06-19 03:19:43.334878,4326,0.6652262663868503,11
2022-06-19 03:20:07.242837,4326,0.7429922304262486,11
2022-06-20 03:14:27.212213,4326,0.7588100089463472,11
2022-07-05 03:19:53.089337,4326,0.7031271528712005,11
2022-07-05 03:20:16.997298,4326,0.7028125478683589,11
2022-03-23 03:19:51.820261,4326,0.5497302826073933,12
2022-03-23 03:20:15.728245,4326,0.5797681390709967,12
2022-03-24 03:14:12.685366,4326,0.5280262064725931,12
2022-04-08 03:19:49.246987,4326,0.40638111924836756,12
2022-04-08 03:20:13.150736,4326,0.3906437539309378,12
2022-04-09 03:14:09.306474,4326,0.3633347641487366,12
2022-04-16 03:19:51.651930,4326,0.40028272730780323,12
2022-04-16 03:20:15.559889,4326,0.36342035991913496,12
2022-04-24 03:19:49.284493,4326,0.4350219961636086,12
2022-04-24 03:20:13.200949,4326,0.43321824634513906,12
2022-04-25 03:13:59.967091,4326,0.4353476115230655,12
2022-05-03 03:14:03.459407,4326,0.48924072722362044,12
2022-05-10 03:19:55.021649,4326,0.5405045567595679,12
2022-05-10 03:20:18.925396,4326,0.48874499244724284,12
2022-05-11 03:13:53.461831,4326,0.6222167893597457,12
2022-06-03 03:19:33.393273,4326,0.005587227323804262,12
2022-06-03 03:19:57.305469,4326,0.35152362768736334,12
2022-06-04 03:14:16.962707,4326,0.7547801309092403,12
2022-06-12 03:13:49.222515,4326,0.7131237456163971,12
2022-06-19 03:19:43.334878,4326,0.6369827329120674,12
2022-06-19 03:20:07.242837,4326,0.7301781617692245,12
2022-06-20 03:14:27.212213,4326,0.7700881329122596,12
2022-07-05 03:19:53.089337,4326,0.6351552915612246,12
2022-07-05 03:20:16.997298,4326,0.6855425461943025,12
2022-03-23 03:19:51.820261,4326,0.548085840130628,13
2022-03-23 03:20:15.728245,4326,0.5875454401102557,13
2022-03-24 03:14:12.685366,4326,0.5404549154209485,13
2022-04-08 03:19:49.246987,4326,0.3951860218927903,13
2022-04-08 03:20:13.150736,4326,0.36763617456334513,13
2022-04-09 03:14:09.306474,4326,0.33738834929456796,13
2022-04-16 03:19:51.651930,4326,0.38647748517630487,13
2022-04-16 03:20:15.559889,4326,0.3385569269486872,13
2022-04-24 03:19:49.284493,4326,0.4145004505547884,13
2022-04-24 03:20:13.200949,4326,0.4235304733770079,13
2022-04-25 03:13:59.967091,4326,0.4405909037153703,13
2022-05-03 03:14:03.459407,4326,0.49181234080300373,13
2022-05-10 03:19:55.021649,4326,0.48063120182337926,13
2022-05-10 03:20:18.925396,4326,0.46634354172145404,13
2022-05-11 03:13:53.461831,4326,0.6388915979433706,13
2022-06-03 03:19:33.393273,4326,0.0073242981844445195,13
2022-06-03 03:19:57.305469,4326,0.3759054603366858,13
2022-06-04 03:14:16.962707,4326,0.7613475223593553,13
2022-06-12 03:13:49.222515,4326,0.7217924982408949,13
2022-06-19 03:19:43.334878,4326,0.6429305288037614,13
2022-06-19 03:20:07.242837,4326,0.7498673282726528,13
2022-06-20 03:14:27.212213,4326,0.7716759504581604,13
2022-07-05 03:19:53.089337,4326,0.6592218203899552,13
2022-07-05 03:20:16.997298,4326,0.6944569935640788,13
2022-03-16 03:14:10.125549,4326,0.2814698276641532,14
2022-03-23 03:19:51.820261,4326,0.5306022027502918,14
2022-03-23 03:20:15.728245,4326,0.5357307769329063,14
2022-03-24 03:14:12.685366,4326,0.5258391416826069,14
2022-04-08 03:19:49.246987,4326,0.38386486153684723,14
2022-04-08 03:20:13.150736,4326,0.37304789539397426,14
2022-04-09 03:14:09.306474,4326,0.33976659187490516,14
2022-04-16 03:19:51.651930,4326,0.34166891910908964,14
2022-04-16 03:20:15.559889,4326,0.3334738965352334,14
2022-04-24 03:19:49.284493,4326,0.4407856246344048,14
2022-04-24 03:20:13.200949,4326,0.45583973671510736,14
2022-04-25 03:13:59.967091,4326,0.44386871917996934,14
2022-05-03 03:14:03.459407,4326,0.5623192402197633,14
2022-05-10 03:19:55.021649,4326,0.5616028490534087,14
2022-05-10 03:20:18.925396,4326,0.5126146473426039,14
2022-05-11 03:13:53.461831,4326,0.6205593339060357,14
2022-06-03 03:19:33.393273,4326,0.1794502466860613,14
2022-06-03 03:19:57.305469,4326,0.40712874679725686,14
2022-06-04 03:14:16.962707,4326,0.7349113643556117,14
2022-06-11 03:20:09.338275,4326,0.6653461949141337,14
2022-06-11 03:20:33.246258,4326,0.6657714486027164,14
2022-06-12 03:13:49.222515,4326,0.6773840123789572,14
2022-06-19 03:19:43.334878,4326,0.6804995078452035,14
2022-06-19 03:20:07.242837,4326,0.7084045942494429,14
2022-06-20 03:14:27.212213,4326,0.7620635566370322,14
2022-07-05 03:19:53.089337,4326,0.6363685943926847,14
2022-07-05 03:20:16.997298,4326,0.6772548626852146,14
2022-03-23 03:19:51.820261,4326,0.714327961328708,15
2022-03-23 03:20:15.728245,4326,0.6092623630965678,15
2022-03-24 03:14:12.685366,4326,0.5382437971155987,15
2022-04-08 03:19:49.246987,4326,0.42702857620717705,15
2022-04-08 03:20:13.150736,4326,0.27934385875949536,15
2022-04-09 03:14:09.306474,4326,0.27554317599128053,15
2022-04-16 03:19:51.651930,4326,0.35893512253949894,15
2022-04-16 03:20:15.559889,4326,0.28378515904103513,15
2022-04-24 03:19:49.284493,4326,0.33435826321487155,15
2022-04-24 03:20:13.200949,4326,0.40591258275719005,15
2022-04-25 03:13:59.967091,4326,0.4576793116329653,15
2022-05-03 03:14:03.459407,4326,0.49589284484754076,15
2022-05-10 03:20:18.925396,4326,0.494203787489091,15
2022-05-11 03:13:53.461831,4326,0.685439544464157,15
2022-06-03 03:19:33.393273,4326,0.09268878919763347,15
2022-06-03 03:19:57.305469,4326,0.5279751512311516,15
2022-06-04 03:14:16.962707,4326,0.789407282397805,15
2022-06-12 03:13:49.222515,4326,0.7367824354422436,15
2022-06-19 03:19:43.334878,4326,0.7207220408421183,15
2022-06-19 03:20:07.242837,4326,0.7737350311402225,15
2022-06-20 03:14:27.212213,4326,0.7679012824617081,15
2022-07-05 03:19:53.089337,4326,0.7707971504054678,15
2022-07-05 03:20:16.997298,4326,0.7076448424587267,15
2022-03-23 03:19:51.820261,4326,0.531158737045698,16
2022-03-23 03:20:15.728245,4326,0.566701748444454,16
2022-03-24 03:14:12.685366,4326,0.538023254749187,16
2022-04-08 03:19:49.246987,4326,0.37867462178046024,16
2022-04-08 03:20:13.150736,4326,0.3337995702871536,16
2022-04-09 03:14:09.306474,4326,0.30428886323122756,16
2022-04-16 03:19:51.651930,4326,0.3742126871605047,16
2022-04-16 03:20:15.559889,4326,0.31899526379896925,16
2022-04-24 03:19:49.284493,4326,0.4263769083034312,16
2022-04-24 03:20:13.200949,4326,0.4311780510218109,16
2022-04-25 03:13:59.967091,4326,0.4505654491368708,16
2022-05-03 03:14:03.459407,4326,0.5029757769773369,16
2022-05-10 03:19:55.021649,4326,0.46983752097944015,16
2022-05-10 03:20:18.925396,4326,0.49651892247823265,16
2022-05-11 03:13:53.461831,4326,0.6662124863364821,16
2022-06-03 03:19:33.393273,4326,0.015060511346905255,16
2022-06-03 03:19:57.305469,4326,0.43284165344323383,16
2022-06-04 03:14:16.962707,4326,0.7635270130292577,16
2022-06-12 03:13:49.222515,4326,0.7174199150770891,16
2022-06-19 03:19:43.334878,4326,0.6681102777252652,16
2022-06-19 03:20:07.242837,4326,0.7568207795189276,16
2022-06-20 03:14:27.212213,4326,0.7741124060751476,16
2022-07-05 03:19:53.089337,4326,0.6518667829527889,16
2022-07-05 03:20:16.997298,4326,0.6932448288723806,16
2022-03-23 03:19:51.820261,4326,0.6282482012643652,17
2022-03-23 03:20:15.728245,4326,0.6285639510512921,17
2022-03-24 03:14:12.685366,4326,0.5734903669808851,17
2022-04-08 03:19:49.246987,4326,0.44539221011222807,17
2022-04-08 03:20:13.150736,4326,0.36539374138929737,17
2022-04-09 03:14:09.306474,4326,0.30720642283032407,17
2022-04-16 03:19:51.651930,4326,0.42068115547072404,17
2022-04-16 03:20:15.559889,4326,0.31839967202785585,17
2022-04-24 03:19:49.284493,4326,0.41262687467745995,17
2022-04-24 03:20:13.200949,4326,0.37293491412871593,17
2022-04-25 03:13:59.967091,4326,0.4287428973363059,17
2022-05-03 03:14:03.459407,4326,0.5201537263479068,17
2022-05-10 03:19:55.021649,4326,0.40875420459432293,17
2022-05-10 03:20:18.925396,4326,0.4609295451326791,17
2022-05-11 03:13:53.461831,4326,0.6651090785003834,17
2022-06-03 03:19:57.305469,4326,0.40921384471380673,17
2022-06-04 03:14:16.962707,4326,0.7691240579638748,17
2022-06-12 03:13:49.222515,4326,0.7412452129365599,17
2022-06-19 03:19:43.334878,4326,0.7879009486394868,17
2022-06-19 03:20:07.242837,4326,0.799487800103691,17
2022-06-20 03:14:27.212213,4326,0.7740759152125539,17
2022-07-05 03:19:53.089337,4326,0.7201244687074729,17
2022-07-05 03:20:16.997298,4326,0.7312143977482641,17
2022-03-23 03:20:15.728245,4326,0.5442447772937998,18
2022-03-24 03:14:12.685366,4326,0.5483744060554898,18
2022-04-08 03:20:13.150736,4326,0.24661479821814386,18
2022-04-09 03:14:09.306474,4326,0.23473144851675587,18
2022-04-16 03:20:15.559889,4326,0.2610448422878208,18
2022-04-24 03:20:13.200949,4326,0.40070041974286663,18
2022-04-25 03:13:59.967091,4326,0.4259089761662118,18
2022-05-03 03:14:03.459407,4326,0.5846629180336121,18
2022-05-10 03:20:18.925396,4326,0.5235549087608135,18
2022-05-11 03:13:53.461831,4326,0.6980002439952261,18
2022-05-19 03:14:11.246989,4326,0.7839947123328616,18
2022-06-03 03:19:57.305469,4326,0.576203264551895,18
2022-06-04 03:14:16.962707,4326,0.7968238482642053,18
2022-06-12 03:13:49.222515,4326,0.730746534060481,18
2022-06-19 03:20:07.242837,4326,0.7926510176250398,18
2022-06-20 03:14:27.212213,4326,0.7646887270754913,18
2022-07-05 03:20:16.997298,4326,0.6815653772095376,18
2022-03-23 03:20:15.728245,4326,0.544496561138734,19
2022-03-24 03:14:12.685366,4326,0.5385013362016491,19
2022-04-08 03:20:13.150736,4326,0.2475710707122466,19
2022-04-09 03:14:09.306474,4326,0.2404644763967253,19
2022-04-16 03:20:15.559889,4326,0.2636316755130776,19
2022-04-24 03:20:13.200949,4326,0.41427008518424446,19
2022-04-25 03:13:59.967091,4326,0.427394435978385,19
2022-05-10 03:20:18.925396,4326,0.5450848289710606,19
2022-05-11 03:13:53.461831,4326,0.6894969278369576,19
2022-05-19 03:14:11.246989,4326,0.7156099085593967,19
2022-06-03 03:19:57.305469,4326,0.5449679225840921,19
2022-06-04 03:14:16.962707,4326,0.7912982910532013,19
2022-06-12 03:13:49.222515,4326,0.729997210342356,19
2022-06-19 03:20:07.242837,4326,0.7903472933627457,19
2022-06-20 03:14:27.212213,4326,0.7592971130271082,19
2022-07-05 03:20:16.997298,4326,0.68098884918485,19
2022-03-23 03:20:15.728245,4326,0.5060583745574544,20
2022-03-24 03:14:12.685366,4326,0.5595722182990143,20
2022-04-08 03:20:13.150736,4326,0.2614449948173965,20
2022-04-09 03:14:09.306474,4326,0.24917296435455524,20
2022-04-16 03:20:15.559889,4326,0.2636854071767736,20
2022-04-24 03:20:13.200949,4326,0.4321712643464399,20
2022-04-25 03:13:59.967091,4326,0.4222584526260275,20
2022-05-10 03:20:18.925396,4326,0.5344642704585355,20
2022-05-11 03:13:53.461831,4326,0.6910507891651396,20
2022-05-19 03:14:11.246989,4326,0.745248602161373,20
2022-06-03 03:19:57.305469,4326,0.22906040733551755,20
2022-06-04 03:14:16.962707,4326,0.8214997060821313,20
2022-06-12 03:13:49.222515,4326,0.8123105658256559,20
2022-06-19 03:20:07.242837,4326,0.7934093534501548,20
2022-06-20 03:14:27.212213,4326,0.7660923534295889,20
2022-07-05 03:20:16.997298,4326,0.676007772490842,20
2022-03-23 03:20:15.728245,4326,0.52883613406921,21
2022-04-08 03:19:49.246987,4326,0.47030148410214784,21
2022-04-08 03:20:13.150736,4326,0.3003256079264479,21
2022-04-16 03:19:51.651930,4326,0.478199959643686,21
2022-04-16 03:20:15.559889,4326,0.3027180636890514,21
2022-04-24 03:19:49.284493,4326,0.5047769457469714,21
2022-04-24 03:20:13.200949,4326,0.44949390228715375,21
2022-05-10 03:19:55.021649,4326,0.44321340006455784,21
2022-05-10 03:20:18.925396,4326,0.589032004991368,21
2022-06-19 03:20:07.242837,4326,0.7975944801453394,21
2022-07-05 03:19:53.089337,4326,0.7191967286355551,21
2022-07-05 03:20:16.997298,4326,0.6976806131960452,21
2022-03-23 03:20:15.728245,4326,0.5400060597922814,22
2022-04-08 03:20:13.150736,4326,0.2781076063621725,22
2022-04-09 03:14:09.306474,4326,0.18612573741384913,22
2022-04-16 03:20:15.559889,4326,0.27746648996293355,22
2022-04-24 03:20:13.200949,4326,0.4107888431286317,22
2022-05-10 03:20:18.925396,4326,0.5555428864364509,22
2022-05-11 03:13:53.461831,4326,0.6699252348742261,22
2022-06-19 03:20:07.242837,4326,0.7975574176330026,22
2022-06-20 03:14:27.212213,4326,0.7645913464118225,22
2022-07-05 03:20:16.997298,4326,0.696932410743024,22
2022-03-23 03:20:15.728245,4326,0.5023489433741738,23
2022-04-08 03:20:13.150736,4326,0.27044849808860305,23
2022-04-09 03:14:09.306474,4326,0.22698901798023968,23
2022-04-16 03:20:15.559889,4326,0.27482896914263427,23
2022-04-24 03:20:13.200949,4326,0.43078558376068343,23
2022-04-25 03:13:59.967091,4326,0.4100597302226931,23
2022-05-10 03:20:18.925396,4326,0.5405799924463931,23
2022-05-11 03:13:53.461831,4326,0.6939186667744905,23
2022-05-19 03:14:11.246989,4326,0.7359996913387884,23
2022-06-03 03:19:57.305469,4326,0.21870154538089698,23
2022-06-04 03:14:16.962707,4326,0.8447505013382913,23
2022-06-19 03:20:07.242837,4326,0.791794128102341,23
2022-06-20 03:14:27.212213,4326,0.7624084667469005,23
2022-07-05 03:20:16.997298,4326,0.6854464884768859,23
2022-03-23 03:20:15.728245,4326,0.47456358220119504,24
2022-04-08 03:20:13.150736,4326,0.28666710100513665,24
2022-04-16 03:20:15.559889,4326,0.29993237984757115,24
2022-04-24 03:20:13.200949,4326,0.4747081101915641,24
2022-05-10 03:20:18.925396,4326,0.619984485584528,24
2022-06-19 03:20:07.242837,4326,0.7919374066629038,24
2022-07-05 03:20:16.997298,4326,0.6747400985504236,24
2022-03-23 03:20:15.728245,4326,0.5140101927949915,25
2022-04-08 03:20:13.150736,4326,0.28573499351289294,25
2022-04-16 03:20:15.559889,4326,0.3012673875604938,25
2022-04-24 03:20:13.200949,4326,0.45821704778217254,25
2022-05-10 03:20:18.925396,4326,0.6157224438892621,25
2022-06-19 03:20:07.242837,4326,0.7944434526347947,25
2022-07-05 03:20:16.997298,4326,0.6838646224202689,25
2022-03-23 03:19:51.820261,4326,0.5561280495536349,26
2022-03-23 03:20:15.728245,4326,0.5811611407205293,26
2022-04-08 03:19:49.246987,4326,0.4013152060289446,26
2022-04-08 03:20:13.150736,4326,0.32466901996616304,26
2022-04-16 03:19:51.651930,4326,0.3493526685250016,26
2022-04-16 03:20:15.559889,4326,0.3141773854555053,26
2022-04-24 03:19:49.284493,4326,0.36895757982068195,26
2022-04-24 03:20:13.200949,4326,0.4239157631900138,26
2022-05-10 03:19:55.021649,4326,0.5116547023047326,26
2022-05-10 03:20:18.925396,4326,0.5478836633564234,26
2022-06-19 03:19:43.334878,4326,0.7197749942884498,26
2022-06-19 03:20:07.242837,4326,0.8046535939420881,26
2022-07-05 03:19:53.089337,4326,0.6659965785953652,26
2022-07-05 03:20:16.997298,4326,0.7168794943415778,26
2022-04-08 03:19:49.246987,4326,0.5394278443405747,27
2022-04-08 03:20:13.150736,4326,0.5377652174477043,27
2022-04-16 03:19:51.651930,4326,0.49439606034658756,27
2022-04-16 03:20:15.559889,4326,0.49799497264738657,27
2022-04-24 03:19:49.284493,4326,0.46177276915860904,27
2022-04-24 03:20:13.200949,4326,0.4626950291316402,27
2022-05-10 03:19:55.021649,4326,0.4736905953453426,27
2022-05-10 03:20:18.925396,4326,0.43102962619622454,27
2022-05-11 03:13:53.461831,4326,0.35497818852034974,27
2022-06-03 03:19:33.393273,4326,0.08049782225605713,27
2022-06-03 03:19:57.305469,4326,0.36101894735631873,27
2022-06-19 03:19:43.334878,4326,0.7354902134717901,27
2022-06-19 03:20:07.242837,4326,0.7311371878738537,27
2022-07-05 03:19:53.089337,4326,0.6930089889704621,27
2022-07-05 03:20:16.997298,4326,0.7140188055389802,27
2022-07-29 03:20:25.214161,4326,0.6770593485469505,27
2022-07-29 03:20:49.117908,4326,0.6772498345442678,27
2022-04-08 03:19:49.246987,4326,0.5341507426432954,28
2022-04-08 03:20:13.150736,4326,0.5318475458200187,28
2022-04-16 03:19:51.651930,4326,0.4885656233740395,28
2022-04-16 03:20:15.559889,4326,0.490377951461575,28
2022-04-24 03:19:49.284493,4326,0.45686810676998685,28
2022-04-24 03:20:13.200949,4326,0.4580634876719317,28
2022-05-10 03:19:55.021649,4326,0.47951148954500517,28
2022-05-10 03:20:18.925396,4326,0.43717784468519766,28
2022-06-19 03:19:43.334878,4326,0.7035259881629485,28
2022-06-19 03:20:07.242837,4326,0.7015727712860707,28
2022-07-05 03:19:53.089337,4326,0.6888257511257881,28
2022-07-05 03:20:16.997298,4326,0.7125620233213972,28
2022-07-29 03:20:25.214161,4326,0.67076390203462,28
2022-07-29 03:20:49.117908,4326,0.6710708093112506,28
2022-04-08 03:19:49.246987,4326,0.530756005948526,29
2022-04-08 03:20:13.150736,4326,0.5300136641609112,29
2022-04-09 03:14:09.306474,4326,0.4393700955696652,29
2022-04-16 03:19:51.651930,4326,0.5000545314696017,29
2022-04-16 03:20:15.559889,4326,0.5020926056933205,29
2022-04-24 03:19:49.284493,4326,0.4706496486308294,29
2022-04-24 03:20:13.200949,4326,0.4735776948047146,29
2022-05-10 03:19:55.021649,4326,0.4921976432183877,29
2022-05-10 03:20:18.925396,4326,0.4623742049837633,29
2022-05-11 03:13:53.461831,4326,0.4472279558884099,29
2022-06-19 03:19:43.334878,4326,0.6811716611801885,29
2022-06-19 03:20:07.242837,4326,0.6736701349814193,29
2022-06-20 03:14:27.212213,4326,0.36901424178000997,29
2022-07-05 03:19:53.089337,4326,0.6410757330275552,29
2022-07-05 03:20:16.997298,4326,0.6637467737787685,29
2022-07-29 03:20:25.214161,4326,0.6578291436722763,29
2022-07-29 03:20:49.117908,4326,0.6571884238543085,29
2022-04-08 03:19:49.246987,4326,0.5219999957858471,30
2022-04-08 03:20:13.150736,4326,0.5194742572506873,30
2022-04-16 03:19:51.651930,4326,0.4611084691601615,30
2022-04-16 03:20:15.559889,4326,0.4640125482082956,30
2022-04-24 03:19:49.284493,4326,0.42740130740733867,30
2022-04-24 03:20:13.200949,4326,0.42823831219180136,30
2022-05-10 03:19:55.021649,4326,0.48246228270233193,30
2022-05-10 03:20:18.925396,4326,0.4395577882062023,30
2022-06-19 03:19:43.334878,4326,0.7427339859304041,30
2022-06-19 03:20:07.242837,4326,0.7410787313228754,30
2022-07-05 03:19:53.089337,4326,0.7147224354517948,30
2022-07-05 03:20:16.997298,4326,0.7362705823771996,30
2022-07-29 03:20:25.214161,4326,0.6749100402553889,30
2022-07-29 03:20:49.117908,4326,0.6757635609033588,30
2022-04-08 03:19:49.246987,4326,0.5239704203735067,31
2022-04-08 03:20:13.150736,4326,0.5177287794908288,31
2022-04-16 03:19:51.651930,4326,0.4499996759412181,31
2022-04-16 03:20:15.559889,4326,0.44261425723977255,31
2022-04-24 03:19:49.284493,4326,0.4217250289761974,31
2022-04-24 03:20:13.200949,4326,0.4219405296533819,31
2022-05-10 03:19:55.021649,4326,0.42130188253422657,31
2022-05-10 03:20:18.925396,4326,0.4074788703200301,31
2022-06-03 03:19:33.393273,4326,0.08049782225605713,31
2022-06-03 03:19:57.305469,4326,0.36101894735631873,31
2022-06-19 03:19:43.334878,4326,0.7323446118568824,31
2022-06-19 03:20:07.242837,4326,0.7312674943076534,31
2022-07-05 03:19:53.089337,4326,0.7146747495758167,31
2022-07-05 03:20:16.997298,4326,0.7430032047021078,31
2022-07-29 03:20:25.214161,4326,0.6737033429954462,31
2022-07-29 03:20:49.117908,4326,0.6595636984951397,31
2022-04-08 03:19:49.246987,4326,0.5214877319152472,32
2022-04-08 03:20:13.150736,4326,0.5182297695993069,32
2022-04-16 03:19:51.651930,4326,0.44859372424065075,32
2022-04-16 03:20:15.559889,4326,0.4496362857631725,32
2022-04-24 03:19:49.284493,4326,0.4182222231833701,32
2022-04-24 03:20:13.200949,4326,0.4199711454776762,32
2022-05-10 03:19:55.021649,4326,0.460016538548282,32
2022-05-10 03:20:18.925396,4326,0.4213223344965335,32
2022-06-19 03:19:43.334878,4326,0.745865286274776,32
2022-06-19 03:20:07.242837,4326,0.7447689555932122,32
2022-07-05 03:19:53.089337,4326,0.7176510641575917,32
2022-07-05 03:20:16.997298,4326,0.7448478658064015,32
2022-07-29 03:20:25.214161,4326,0.6738734086868429,32
2022-07-29 03:20:49.117908,4326,0.6717819921968435,32
2022-04-08 03:19:49.246987,4326,0.517315285097442,33
2022-04-08 03:20:13.150736,4326,0.5150329674457529,33
2022-04-16 03:19:51.651930,4326,0.44604592737696414,33
2022-04-16 03:20:15.559889,4326,0.44884679011350254,33
2022-04-24 03:19:49.284493,4326,0.42610630586695547,33
2022-04-24 03:20:13.200949,4326,0.4279318755104385,33
2022-05-10 03:19:55.021649,4326,0.4856061425335526,33
2022-05-10 03:20:18.925396,4326,0.4355046010373434,33
2022-06-19 03:19:43.334878,4326,0.753552715896909,33
2022-06-19 03:20:07.242837,4326,0.7519317722716482,33
2022-07-05 03:19:53.089337,4326,0.7165778853632006,33
2022-07-05 03:20:16.997298,4326,0.745006234723727,33
2022-07-29 03:20:25.214161,4326,0.6752221736782638,33
2022-07-29 03:20:49.117908,4326,0.6751135298323636,33
2022-04-16 03:19:51.651930,4326,0.4693837232676633,34
2022-04-16 03:20:15.559889,4326,0.47563562365411033,34
2022-04-24 03:19:49.284493,4326,0.481458109421199,34
2022-04-24 03:20:13.200949,4326,0.48429146563707437,34
2022-04-25 03:13:59.967091,4326,0.539441314587837,34
2022-05-03 03:14:03.459407,4326,0.5401916297552432,34
2022-05-10 03:19:55.021649,4326,0.5487338512331085,34
2022-05-10 03:20:18.925396,4326,0.49004732244400373,34
2022-05-11 03:13:53.461831,4326,0.5929188049691927,34
2022-06-03 03:19:33.393273,4326,0.08049782225605713,34
2022-06-03 03:19:57.305469,4326,0.36101894735631873,34
2022-06-04 03:14:16.962707,4326,0.6887583715678126,34
2022-06-12 03:13:49.222515,4326,0.7195074068017443,34
2022-06-19 03:19:43.334878,4326,0.705239267701864,34
2022-06-19 03:20:07.242837,4326,0.6904642721021214,34
2022-06-20 03:14:27.212213,4326,0.741345100789498,34
2022-07-05 03:19:53.089337,4326,0.6627614103645502,34
2022-07-05 03:20:16.997298,4326,0.6765527899736283,34
2022-07-29 03:20:25.214161,4326,0.6048643158004116,34
2022-07-29 03:20:49.117908,4326,0.6026982857987823,34
2022-04-16 03:19:51.651930,4326,0.4974431465372168,35
2022-04-16 03:20:15.559889,4326,0.5017794122892216,35
2022-04-24 03:19:49.284493,4326,0.47072281894590384,35
2022-04-24 03:20:13.200949,4326,0.47281801956174097,35
2022-04-25 03:13:59.967091,4326,0.5586188139555455,35
2022-05-10 03:19:55.021649,4326,0.49416999997230293,35
2022-05-10 03:20:18.925396,4326,0.45060168938866463,35
2022-05-11 03:13:53.461831,4326,0.5047321530204271,35
2022-06-03 03:19:33.393273,4326,0.08049782225605713,35
2022-06-03 03:19:57.305469,4326,0.3610189473563188,35
2022-06-04 03:14:16.962707,4326,0.6869582980710305,35
2022-06-19 03:19:43.334878,4326,0.7270079602300705,35
2022-06-19 03:20:07.242837,4326,0.7084819391859086,35
2022-06-20 03:14:27.212213,4326,0.6440180073057884,35
2022-07-05 03:19:53.089337,4326,0.6747966748999953,35
2022-07-05 03:20:16.997298,4326,0.6916163381946614,35
2022-07-29 03:20:25.214161,4326,0.6510060833573669,35
2022-07-29 03:20:49.117908,4326,0.6509340493750435,35
2022-04-16 03:19:51.651930,4326,0.4823255734791471,36
2022-04-16 03:20:15.559889,4326,0.4845251017153338,36
2022-04-24 03:19:49.284493,4326,0.44899846553957407,36
2022-04-24 03:20:13.200949,4326,0.44963626966968157,36
2022-04-25 03:13:59.967091,4326,0.3365822452969771,36
2022-05-10 03:19:55.021649,4326,0.44961454436757575,36
2022-05-10 03:20:18.925396,4326,0.4016801073543449,36
2022-05-11 03:13:53.461831,4326,0.42952278378283426,36
2022-06-03 03:19:33.393273,4326,0.08049782225605713,36
2022-06-03 03:19:57.305469,4326,0.36101894735631873,36
2022-06-19 03:19:43.334878,4326,0.7372678562993743,36
2022-06-19 03:20:07.242837,4326,0.7309315597937553,36
2022-06-20 03:14:27.212213,4326,0.707561724010329,36
2022-07-05 03:19:53.089337,4326,0.692752421167514,36
2022-07-05 03:20:16.997298,4326,0.7149592251265181,36
2022-07-29 03:20:25.214161,4326,0.6633493054598338,36
2022-07-29 03:20:49.117908,4326,0.660242572443697,36
2022-04-16 03:19:51.651930,4326,0.4646556982247231,37
2022-04-16 03:20:15.559889,4326,0.4613026030191989,37
2022-04-24 03:19:49.284493,4326,0.42864795299428665,37
2022-04-24 03:20:13.200949,4326,0.42908863397786534,37
2022-05-10 03:19:55.021649,4326,0.41376419485319443,37
2022-05-10 03:20:18.925396,4326,0.3885146918737196,37
2022-05-11 03:13:53.461831,4326,0.4310657004346888,37
2022-06-03 03:19:33.393273,4326,0.08049782225605713,37
2022-06-03 03:19:57.305469,4326,0.3610189473563189,37
2022-06-19 03:19:43.334878,4326,0.7397085106945901,37
2022-06-19 03:20:07.242837,4326,0.7364838480800747,37
2022-06-20 03:14:27.212213,4326,0.8033239193095707,37
2022-07-05 03:19:53.089337,4326,0.7064630271953051,37
2022-07-05 03:20:16.997298,4326,0.7325774104016345,37
2022-07-29 03:20:25.214161,4326,0.6741224686982086,37
2022-07-29 03:20:49.117908,4326,0.662981147957387,37
2022-04-16 03:19:51.651930,4326,0.4700846161012817,38
2022-04-16 03:20:15.559889,4326,0.462208154814458,38
2022-04-24 03:19:49.284493,4326,0.43825195684914675,38
2022-04-24 03:20:13.200949,4326,0.4354597965946391,38
2022-04-25 03:13:59.967091,4326,0.4347049528393674,38
2022-05-10 03:19:55.021649,4326,0.4288336424882349,38
2022-05-10 03:20:18.925396,4326,0.40768768510283643,38
2022-05-11 03:13:53.461831,4326,0.4547974039987062,38
2022-06-03 03:19:33.393273,4326,0.08049782225605713,38
2022-06-03 03:19:57.305469,4326,0.3610189473563189,38
2022-06-19 03:19:43.334878,4326,0.7338726742795655,38
2022-06-19 03:20:07.242837,4326,0.7251031690138531,38
2022-06-20 03:14:27.212213,4326,0.7521176087738255,38
2022-07-05 03:19:53.089337,4326,0.6937633766075797,38
2022-07-05 03:20:16.997298,4326,0.7177549723745913,38
2022-07-29 03:20:25.214161,4326,0.6536823758955972,38
2022-07-29 03:20:49.117908,4326,0.6390096435240005,38
2022-04-16 03:19:51.651930,4326,0.4674148910590778,39
2022-04-16 03:20:15.559889,4326,0.45236090379850225,39
2022-04-24 03:19:49.284493,4326,0.44208300036365256,39
2022-04-24 03:20:13.200949,4326,0.4369743350974049,39
2022-04-25 03:13:59.967091,4326,0.5223421954714456,39
2022-05-10 03:19:55.021649,4326,0.44790254149392267,39
2022-05-10 03:20:18.925396,4326,0.42462857348650307,39
2022-05-11 03:13:53.461831,4326,0.5472294910939567,39
2022-06-03 03:19:33.393273,4326,0.08049782225605713,39
2022-06-03 03:19:57.305469,4326,0.36101894735631873,39
2022-06-04 03:14:16.962707,4326,0.7026130099397603,39
2022-06-12 03:13:49.222515,4326,0.7430059232852225,39
2022-06-19 03:19:43.334878,4326,0.7287058869982627,39
2022-06-19 03:20:07.242837,4326,0.7338086686166059,39
2022-06-20 03:14:27.212213,4326,0.747923248629863,39
2022-07-05 03:19:53.089337,4326,0.6895604557506344,39
2022-07-05 03:20:16.997298,4326,0.7105349472955296,39
2022-07-29 03:20:25.214161,4326,0.630240875806644,39
2022-07-29 03:20:49.117908,4326,0.6189297714125548,39
2022-04-16 03:19:51.651930,4326,0.46127732757993084,40
2022-04-16 03:20:15.559889,4326,0.4324491842989985,40
2022-04-24 03:19:49.284493,4326,0.43168329918709925,40
2022-04-24 03:20:13.200949,4326,0.4273884629647552,40
2022-04-25 03:13:59.967091,4326,0.4777178820167306,40
2022-05-10 03:19:55.021649,4326,0.42042921584249643,40
2022-05-10 03:20:18.925396,4326,0.43877210069847666,40
2022-05-11 03:13:53.461831,4326,0.5228976310678641,40
2022-06-03 03:19:33.393273,4326,0.08049782225605713,40
2022-06-03 03:19:57.305469,4326,0.36101894735631873,40
2022-06-04 03:14:16.962707,4326,0.656633493964672,40
2022-06-12 03:13:49.222515,4326,0.755442751246491,40
2022-06-19 03:19:43.334878,4326,0.7230096246458054,40
2022-06-19 03:20:07.242837,4326,0.7475906207230011,40
2022-06-20 03:14:27.212213,4326,0.7615433047607465,40
2022-07-05 03:19:53.089337,4326,0.7027575517146871,40
2022-07-05 03:20:16.997298,4326,0.7257967408002521,40
2022-07-29 03:20:25.214161,4326,0.6489328895795505,40
2022-07-29 03:20:49.117908,4326,0.6229620738317668,40
2022-04-16 03:19:51.651930,4326,0.4485555215452779,41
2022-04-16 03:20:15.559889,4326,0.43766319135196224,41
2022-04-24 03:19:49.284493,4326,0.416261877694664,41
2022-04-24 03:20:13.200949,4326,0.4211155664870414,41
2022-05-10 03:19:55.021649,4326,0.40823531275375485,41
2022-05-10 03:20:18.925396,4326,0.4153839854774977,41
2022-05-11 03:13:53.461831,4326,0.29866243611422494,41
2022-06-03 03:19:33.393273,4326,0.08049782225605731,41
2022-06-03 03:19:57.305469,4326,0.3610189473563188,41
2022-06-19 03:19:43.334878,4326,0.738107576624774,41
2022-06-19 03:20:07.242837,4326,0.7374639927240152,41
2022-06-20 03:14:27.212213,4326,0.7572813483553047,41
2022-07-05 03:19:53.089337,4326,0.7168748695869896,41
2022-07-05 03:20:16.997298,4326,0.7410231350651715,41
2022-07-29 03:20:25.214161,4326,0.6746966615221305,41
2022-07-29 03:20:49.117908,4326,0.6495379385161542,41
2022-04-08 03:19:49.246987,4326,0.5117519454664788,42
2022-04-08 03:20:13.150736,4326,0.5068909835184239,42
2022-04-16 03:19:51.651930,4326,0.42686796349277784,42
2022-04-16 03:20:15.559889,4326,0.4174192210262908,42
2022-04-24 03:19:49.284493,4326,0.4180856243846766,42
2022-04-24 03:20:13.200949,4326,0.4203255019532096,42
2022-05-10 03:19:55.021649,4326,0.4777448978163589,42
2022-05-10 03:20:18.925396,4326,0.45254602470662736,42
2022-06-19 03:19:43.334878,4326,0.7531644419535718,42
2022-06-19 03:20:07.242837,4326,0.7526975316095891,42
2022-07-05 03:19:53.089337,4326,0.7181439809090613,42
2022-07-05 03:20:16.997298,4326,0.751596468935057,42
2022-07-29 03:20:25.214161,4326,0.6657545413523176,42
2022-07-29 03:20:49.117908,4326,0.6520103854613668,42
2022-04-08 03:19:49.246987,4326,0.5224305652222256,43
2022-04-08 03:20:13.150736,4326,0.4633409314552561,43
2022-04-09 03:14:09.306474,4326,0.5859261446865962,43
2022-04-16 03:19:51.651930,4326,0.44447528101512435,43
2022-04-16 03:20:15.559889,4326,0.4024873494295153,43
2022-04-24 03:19:49.284493,4326,0.4109111696892277,43
2022-04-24 03:20:13.200949,4326,0.40243679755773415,43
2022-04-25 03:13:59.967091,4326,0.40637272918748135,43
2022-05-10 03:19:55.021649,4326,0.4153249376764586,43
2022-05-10 03:20:18.925396,4326,0.4615760468964006,43
2022-05-11 03:13:53.461831,4326,0.5460880736444543,43
2022-06-03 03:19:33.393273,4326,0.08049782225605713,43
2022-06-03 03:19:57.305469,4326,0.36101894735631873,43
2022-06-04 03:14:16.962707,4326,0.701280537649811,43
2022-06-19 03:19:43.334878,4326,0.7377362619189118,43
2022-06-19 03:20:07.242837,4326,0.7806028206958942,43
2022-06-20 03:14:27.212213,4326,0.7620555051927507,43
2022-07-05 03:19:53.089337,4326,0.720467722399878,43
2022-07-05 03:20:16.997298,4326,0.7362332359239695,43
2022-07-29 03:20:25.214161,4326,0.6509898430863246,43
2022-07-29 03:20:49.117908,4326,0.614864613501052,43
2022-04-08 03:19:49.246987,4326,0.4428059642843592,44
2022-04-08 03:20:13.150736,4326,0.36837706452977015,44
2022-04-16 03:19:51.651930,4326,0.36796546853091067,44
2022-04-16 03:20:15.559889,4326,0.34632114591371405,44
2022-04-24 03:19:49.284493,4326,0.3829578544457602,44
2022-04-24 03:20:13.200949,4326,0.4371071097905348,44
2022-05-10 03:19:55.021649,4326,0.49747116917512507,44
2022-05-10 03:20:18.925396,4326,0.5877810419075497,44
2022-06-19 03:19:43.334878,4326,0.8027719375150155,44
2022-06-19 03:20:07.242837,4326,0.7969374875571981,44
2022-07-05 03:19:53.089337,4326,0.7471609000475791,44
2022-07-05 03:20:16.997298,4326,0.7370459771508265,44
2022-07-29 03:20:25.214161,4326,0.6164622846736325,44
2022-07-29 03:20:49.117908,4326,0.553602576563506,44
2022-04-08 03:19:49.246987,4326,0.4763205460838786,45
2022-04-08 03:20:13.150736,4326,0.45289508655828764,45
2022-04-16 03:19:51.651930,4326,0.39932810714672246,45
2022-04-16 03:20:15.559889,4326,0.4066466942484853,45
2022-04-24 03:19:49.284493,4326,0.41036092108784916,45
2022-04-24 03:20:13.200949,4326,0.4410338935027995,45
2022-05-10 03:19:55.021649,4326,0.5315566094219876,45
2022-05-10 03:20:18.925396,4326,0.5396696336007332,45
2022-06-19 03:19:43.334878,4326,0.7746346240633962,45
2022-06-19 03:20:07.242837,4326,0.7825039235477768,45
2022-07-05 03:19:53.089337,4326,0.7181189483693733,45
2022-07-05 03:20:16.997298,4326,0.7498340187935062,45
2022-07-29 03:20:25.214161,4326,0.6075962547757096,45
2022-07-29 03:20:49.117908,4326,0.6023640900360173,45
2022-04-08 03:19:49.246987,4326,0.49365585483604746,46
2022-04-08 03:20:13.150736,4326,0.4852733125946124,46
2022-04-16 03:19:51.651930,4326,0.4159665166011471,46
2022-04-16 03:20:15.559889,4326,0.4181725685370318,46
2022-04-24 03:19:49.284493,4326,0.4110428788871972,46
2022-04-24 03:20:13.200949,4326,0.4248330910921728,46
2022-05-10 03:19:55.021649,4326,0.5299430062634635,46
2022-05-10 03:20:18.925396,4326,0.49700467538483045,46
2022-06-19 03:19:43.334878,4326,0.7596162371442052,46
2022-06-19 03:20:07.242837,4326,0.7672569165013113,46
2022-07-05 03:19:53.089337,4326,0.7138748488897365,46
2022-07-05 03:20:16.997298,4326,0.7571585889101133,46
2022-07-29 03:20:25.214161,4326,0.625930488416079,46
2022-07-29 03:20:49.117908,4326,0.6309725381588711,46
2022-04-08 03:19:49.246987,4326,0.485786672825057,47
2022-04-08 03:20:13.150736,4326,0.44161135194458223,47
2022-04-16 03:19:51.651930,4326,0.39732950892616986,47
2022-04-16 03:20:15.559889,4326,0.3899788021797038,47
2022-04-24 03:19:49.284493,4326,0.41765108050824346,47
2022-04-24 03:20:13.200949,4326,0.4553110772307873,47
2022-05-10 03:19:55.021649,4326,0.5007932497306863,47
2022-05-10 03:20:18.925396,4326,0.5567127363792707,47
2022-06-19 03:19:43.334878,4326,0.779255010861917,47
2022-06-19 03:20:07.242837,4326,0.7827304864580426,47
2022-07-05 03:19:53.089337,4326,0.7225115644194386,47
2022-07-05 03:20:16.997298,4326,0.7469268619920488,47
2022-07-29 03:20:25.214161,4326,0.6182049494078772,47
2022-07-29 03:20:49.117908,4326,0.5822317585196678,47
2022-04-08 03:19:49.246987,4326,0.4866600009368761,48
2022-04-08 03:20:13.150736,4326,0.4486685185285383,48
2022-04-16 03:19:51.651930,4326,0.40276237243627083,48
2022-04-16 03:20:15.559889,4326,0.3831697628849527,48
2022-04-24 03:19:49.284493,4326,0.41753139487693136,48
2022-04-24 03:20:13.200949,4326,0.4424220158610031,48
2022-05-10 03:19:55.021649,4326,0.48438575833693626,48
2022-05-10 03:20:18.925396,4326,0.5371858094122148,48
2022-06-19 03:19:43.334878,4326,0.7746516463295897,48
2022-06-19 03:20:07.242837,4326,0.7773502777570568,48
2022-07-05 03:19:53.089337,4326,0.723281201716264,48
2022-07-05 03:20:16.997298,4326,0.746189109251676,48
2022-07-29 03:20:25.214161,4326,0.6463444022496068,48
2022-07-29 03:20:49.117908,4326,0.5972264747949144,48
